Date, Vis Team, Rushing Yards, Rushing Attempts, Passing Yards,Passing Attempts, Passing Completions, Penalties, Penalty Yards, Fumbles Lost,Interceptions Thrown, 1st Downs, 3rd Down Attempts, 3rd Down Conversions,4th Down Attempts, 4th Down conversions, Time of Possession, Score,Home Team, Rushing Yards, Rushing Attempts, Passing Yards,Passing Attempts, Passing Completions, Penalties, Penalty Yards, Fumbles Lost,Interceptions Thrown, 1st Downs, 3rd Down Attempts, 3rd Down Conversions,4th Down Attempts, 4th Down conversions, Time of Possession, Score
2013-09-05, Ravens, 58, 21, 335, 62, 34, 7, 53, 0, 2, 24, 22, 8, 1, 0, 2028, 27, Broncos, 65, 23, 445, 42, 27, 8, 61, 2, 0, 24, 15, 8, 0, 0, 1572, 49
2013-09-08, Patriots, 158, 34, 273, 52, 29, 4, 36, 2, 1, 26, 20, 11, 1, 0, 2263, 23, Bills, 136, 34, 150, 27, 18, 10, 75, 2, 0, 15, 13, 4, 0, 0, 1337, 21
2013-09-08, Cardinals, 86, 26, 304, 40, 26, 6, 68, 1, 1, 25, 14, 7, 0, 0, 1885, 24, Rams, 67, 24, 299, 38, 27, 7, 59, 1, 1, 20, 11, 4, 0, 0, 1715, 27
2013-09-08, Titans, 112, 42, 117, 20, 11, 6, 60, 0, 0, 17, 15, 6, 1, 1, 2041, 16, Steelers, 31, 15, 163, 33, 21, 4, 47, 1, 1, 14, 13, 4, 1, 1, 1559, 9
2013-09-08, Buccaneers, 65, 25, 185, 31, 15, 13, 102, 1, 1, 12, 16, 6, 0, 0, 1658, 17, Jets, 90, 29, 214, 39, 24, 6, 45, 1, 1, 22, 18, 7, 0, 0, 1942, 18
2013-09-08, Bengals, 63, 21, 277, 33, 26, 8, 84, 1, 2, 18, 11, 7, 0, 0, 1710, 21, Bears, 81, 28, 242, 33, 21, 4, 59, 0, 1, 17, 14, 6, 1, 1, 1890, 24
2013-09-08, Raiders, 171, 33, 201, 29, 19, 8, 51, 0, 2, 20, 13, 7, 1, 1, 1967, 17, Colts, 127, 26, 147, 23, 18, 3, 31, 0, 0, 18, 10, 6, 1, 0, 1633, 21
2013-09-08, Dolphins, 20, 23, 255, 38, 24, 10, 77, 0, 1, 18, 16, 8, 0, 0, 1967, 23, Browns, 47, 13, 244, 53, 26, 9, 57, 0, 3, 20, 14, 1, 4, 2, 1633, 10
2013-09-08, Vikings, 105, 22, 225, 28, 18, 5, 52, 1, 3, 16, 10, 2, 2, 1, 1421, 24, Lions, 112, 34, 357, 43, 28, 11, 88, 1, 1, 28, 13, 5, 1, 0, 2179, 34
2013-09-08, Packers, 63, 19, 322, 37, 21, 5, 44, 1, 1, 23, 10, 4, 0, 0, 1285, 28, 49ers, 90, 34, 404, 39, 27, 11, 85, 0, 0, 23, 18, 9, 1, 1, 2315, 34
2013-09-08, Giants, 50, 14, 428, 42, 27, 6, 52, 3, 3, 21, 11, 6, 0, 0, 1370, 31, Cowboys, 87, 23, 244, 49, 36, 5, 40, 0, 1, 22, 15, 5, 0, 0, 2230, 36
2013-09-08, Seahawks, 70, 26, 300, 33, 25, 9, 99, 1, 0, 18, 13, 6, 0, 0, 1814, 12, Panthers, 134, 26, 125, 23, 16, 4, 46, 2, 0, 17, 11, 5, 0, 0, 1786, 7
2013-09-08, Chiefs, 121, 27, 171, 34, 21, 3, 20, 0, 0, 17, 15, 5, 0, 0, 1890, 28, Jaguars, 71, 23, 107, 41, 19, 5, 30, 0, 2, 12, 19, 5, 1, 0, 1710, 2
2013-09-08, Falcons, 88, 14, 279, 38, 25, 2, 19, 1, 1, 18, 11, 3, 1, 0, 1489, 17, Saints, 78, 29, 341, 35, 26, 6, 57, 0, 1, 18, 13, 6, 1, 0, 2111, 23
2013-09-09, Eagles, 263, 49, 180, 25, 15, 8, 65, 2, 0, 26, 15, 7, 1, 1, 1959, 33, Redskins, 74, 18, 308, 49, 30, 10, 75, 1, 2, 25, 10, 2, 2, 1, 1641, 27
2013-09-09, Texans, 120, 28, 329, 45, 34, 7, 73, 0, 1, 26, 13, 6, 2, 1, 2191, 31, Chargers, 80, 20, 183, 29, 14, 7, 55, 0, 1, 14, 14, 7, 1, 1, 1409, 28
2013-09-12, Jets, 129, 32, 189, 35, 15, 8, 66, 1, 3, 15, 18, 6, 0, 0, 2040, 10, Patriots, 54, 24, 178, 39, 19, 3, 30, 0, 0, 9, 18, 4, 0, 0, 1560, 13
2013-09-15, Lions, 49, 20, 273, 36, 24, 8, 101, 1, 0, 16, 11, 3, 1, 0, 1721, 21, Cardinals, 87, 25, 261, 40, 23, 7, 40, 0, 1, 24, 11, 1, 0, 0, 1879, 25
2013-09-15, Browns, 65, 20, 194, 37, 22, 5, 33, 0, 0, 13, 15, 4, 2, 0, 1765, 6, Ravens, 99, 36, 197, 33, 22, 3, 41, 1, 0, 19, 16, 8, 0, 0, 1835, 14
2013-09-15, Dolphins, 101, 27, 297, 34, 23, 0, 0, 1, 0, 21, 14, 6, 1, 0, 1766, 24, Colts, 133, 26, 315, 43, 25, 3, 13, 0, 1, 23, 15, 7, 1, 0, 1834, 20
2013-09-15, Cowboys, 37, 16, 281, 42, 30, 5, 27, 2, 0, 20, 11, 3, 0, 0, 1907, 16, Chiefs, 114, 25, 199, 36, 21, 10, 45, 0, 0, 19, 13, 4, 0, 0, 1693, 17
2013-09-15, Panthers, 125, 32, 183, 38, 21, 3, 30, 0, 1, 25, 16, 7, 0, 0, 2021, 23, Bills, 149, 33, 287, 39, 27, 7, 55, 1, 1, 24, 14, 6, 0, 0, 1579, 24
2013-09-15, 49ers, 100, 20, 107, 28, 13, 12, 121, 2, 3, 12, 12, 3, 1, 0, 1397, 3, Seahawks, 172, 47, 118, 19, 8, 10, 84, 0, 1, 19, 16, 5, 2, 1, 2203, 29
2013-09-15, Broncos, 107, 29, 307, 43, 30, 13, 132, 1, 0, 23, 15, 8, 0, 0, 1682, 41, Giants, 23, 19, 353, 49, 28, 4, 16, 0, 4, 28, 11, 1, 1, 0, 1918, 23
2013-09-15, Titans, 119, 33, 129, 30, 17, 9, 70, 0, 0, 14, 16, 4, 1, 0, 1874, 24, Texans, 172, 28, 280, 48, 26, 5, 40, 0, 2, 25, 17, 6, 0, 0, 1994, 30
2013-09-15, Rams, 69, 18, 352, 55, 32, 7, 53, 0, 1, 24, 17, 7, 2, 2, 1783, 24, Falcons, 36, 16, 357, 43, 33, 7, 53, 0, 0, 19, 13, 7, 0, 0, 1817, 31
2013-09-15, Saints, 75, 20, 296, 46, 26, 5, 35, 0, 2, 21, 14, 5, 1, 0, 1956, 16, Buccaneers, 160, 33, 113, 22, 9, 10, 118, 1, 1, 14, 13, 5, 0, 0, 1644, 14
2013-09-15, Vikings, 123, 33, 227, 30, 16, 3, 25, 2, 1, 19, 16, 7, 2, 2, 1766, 30, Bears, 127, 27, 284, 38, 27, 4, 35, 2, 2, 24, 12, 7, 0, 0, 1834, 31
2013-09-15, Redskins, 108, 17, 314, 40, 26, 7, 78, 0, 1, 18, 11, 3, 2, 1, 1651, 20, Packers, 139, 24, 441, 42, 34, 4, 40, 1, 0, 28, 10, 4, 1, 1, 1949, 38
2013-09-15, Chargers, 126, 31, 413, 47, 36, 4, 32, 2, 0, 33, 15, 10, 0, 0, 2417, 33, Eagles, 100, 19, 411, 37, 23, 9, 77, 0, 0, 22, 11, 5, 0, 0, 1183, 30
2013-09-15, Jaguars, 34, 19, 214, 38, 25, 10, 70, 0, 0, 15, 17, 7, 1, 1, 1692, 9, Raiders, 226, 34, 114, 24, 15, 5, 30, 1, 0, 16, 14, 4, 0, 0, 1908, 19
2013-09-16, Steelers, 44, 16, 234, 37, 20, 3, 29, 1, 1, 14, 12, 3, 0, 0, 1466, 10, Bengals, 127, 34, 280, 45, 25, 9, 84, 0, 0, 22, 17, 7, 1, 0, 2134, 20
2013-09-19, Chiefs, 146, 38, 248, 35, 22, 9, 65, 0, 0, 19, 19, 6, 2, 0, 2347, 26, Eagles, 264, 27, 167, 30, 13, 6, 45, 3, 2, 21, 10, 3, 1, 0, 1253, 16
2013-09-22, Texans, 94, 23, 170, 35, 25, 14, 113, 0, 1, 18, 12, 3, 1, 0, 1836, 9, Ravens, 75, 31, 161, 24, 16, 10, 87, 0, 0, 16, 16, 8, 0, 0, 1764, 30
2013-09-22, Bears, 107, 28, 151, 30, 20, 3, 25, 0, 0, 15, 15, 5, 1, 1, 1896, 40, Steelers, 80, 21, 379, 41, 26, 6, 59, 3, 2, 21, 11, 3, 1, 0, 1704, 23
2013-09-22, Chargers, 102, 27, 175, 24, 20, 5, 45, 1, 0, 19, 9, 3, 0, 0, 1702, 17, Titans, 170, 29, 282, 37, 23, 11, 116, 0, 0, 23, 14, 6, 2, 1, 1898, 20
2013-09-22, Giants, 60, 16, 90, 27, 14, 6, 45, 1, 2, 10, 12, 3, 1, 0, 1393, 0, Panthers, 194, 46, 208, 27, 15, 4, 32, 1, 1, 27, 14, 8, 2, 1, 2207, 38
2013-09-22, Browns, 103, 17, 306, 55, 31, 5, 47, 1, 3, 23, 15, 6, 3, 2, 1732, 31, Vikings, 134, 31, 195, 42, 25, 4, 35, 2, 1, 21, 17, 8, 0, 0, 1868, 27
2013-09-22, Packers, 182, 30, 217, 43, 26, 4, 55, 2, 2, 27, 13, 4, 2, 0, 1911, 30, Bengals, 82, 24, 215, 28, 20, 5, 43, 3, 1, 19, 11, 4, 0, 0, 1689, 34
2013-09-22, Colts, 184, 40, 152, 26, 17, 1, 10, 0, 0, 23, 12, 5, 0, 0, 2185, 27, 49ers, 115, 23, 139, 27, 13, 6, 48, 1, 1, 14, 12, 3, 1, 1, 1415, 7
2013-09-22, Rams, 35, 12, 197, 49, 29, 5, 41, 1, 0, 17, 13, 1, 6, 3, 1592, 7, Cowboys, 193, 34, 203, 24, 17, 6, 72, 1, 0, 21, 11, 5, 0, 0, 2008, 31
2013-09-22, Buccaneers, 97, 22, 226, 41, 19, 4, 48, 0, 1, 18, 14, 5, 4, 0, 1619, 3, Patriots, 156, 33, 202, 36, 25, 6, 50, 0, 1, 21, 15, 6, 2, 1, 1981, 23
2013-09-22, Lions, 63, 23, 378, 42, 25, 8, 71, 0, 1, 24, 13, 4, 1, 1, 1728, 27, Redskins, 120, 22, 300, 50, 32, 6, 45, 1, 1, 27, 13, 6, 0, 0, 1872, 20
2013-09-22, Cardinals, 86, 16, 161, 35, 18, 3, 18, 0, 2, 16, 13, 5, 0, 0, 1469, 7, Saints, 104, 24, 319, 46, 29, 4, 30, 0, 1, 27, 13, 7, 0, 0, 2131, 31
2013-09-22, Bills, 120, 25, 208, 42, 19, 7, 87, 0, 0, 18, 18, 4, 2, 0, 1547, 20, Jets, 182, 41, 331, 29, 16, 20, 168, 0, 2, 20, 14, 5, 1, 0, 2053, 27
2013-09-22, Falcons, 146, 30, 231, 38, 23, 7, 59, 1, 1, 24, 11, 5, 0, 0, 2229, 23, Dolphins, 90, 15, 195, 35, 24, 2, 13, 1, 1, 16, 12, 7, 0, 0, 1371, 27
2013-09-22, Jaguars, 51, 24, 214, 38, 18, 4, 45, 1, 2, 17, 14, 4, 1, 1, 1645, 17, Seahawks, 156, 36, 323, 29, 21, 4, 24, 1, 1, 28, 10, 4, 0, 0, 1955, 45
2013-09-23, Raiders, 49, 17, 293, 31, 21, 8, 77, 0, 0, 13, 12, 5, 1, 0, 1476, 21, Broncos, 164, 35, 372, 37, 32, 5, 40, 2, 0, 31, 9, 5, 0, 0, 2124, 37
2013-09-26, 49ers, 219, 40, 151, 23, 15, 10, 85, 2, 0, 19, 15, 6, 1, 1, 1905, 35, Rams, 18, 19, 170, 41, 19, 8, 82, 1, 1, 14, 17, 3, 0, 0, 1695, 11
2013-09-29, Ravens, 24, 9, 321, 50, 25, 8, 59, 0, 5, 15, 16, 3, 1, 1, 1414, 20, Bills, 203, 55, 147, 22, 10, 11, 99, 1, 2, 19, 18, 5, 0, 0, 2186, 23
2013-09-29, Jets, 91, 23, 239, 34, 23, 10, 66, 2, 2, 16, 13, 4, 1, 0, 1762, 13, Titans, 78, 31, 244, 32, 21, 4, 30, 0, 0, 17, 18, 10, 0, 0, 1838, 38
2013-09-29, Giants, 98, 21, 200, 37, 18, 7, 65, 2, 1, 11, 14, 1, 2, 1, 1444, 7, Chiefs, 102, 28, 288, 41, 24, 7, 62, 1, 2, 21, 16, 9, 0, 0, 2156, 31
2013-09-29, Eagles, 166, 35, 284, 31, 17, 8, 62, 0, 0, 21, 16, 8, 0, 0, 1598, 20, Broncos, 141, 33, 331, 37, 30, 2, 25, 0, 0, 35, 8, 5, 0, 0, 2002, 52
2013-09-29, Patriots, 132, 31, 316, 31, 20, 9, 93, 0, 0, 21, 13, 7, 1, 0, 1839, 30, Falcons, 58, 15, 399, 54, 34, 6, 55, 0, 1, 26, 14, 6, 2, 0, 1761, 23
2013-09-29, Redskins, 122, 32, 217, 31, 18, 3, 29, 1, 0, 15, 16, 5, 1, 0, 1658, 24, Raiders, 104, 26, 194, 32, 21, 4, 25, 2, 1, 14, 17, 5, 2, 1, 1942, 14
2013-09-29, Cardinals, 56, 20, 240, 38, 21, 10, 90, 1, 2, 17, 10, 1, 0, 0, 1555, 13, Buccaneers, 80, 31, 173, 43, 24, 8, 73, 1, 2, 20, 18, 7, 1, 1, 2045, 10
2013-09-29, Cowboys, 92, 16, 227, 37, 27, 5, 33, 1, 0, 21, 9, 3, 0, 0, 1557, 21, Chargers, 112, 27, 394, 42, 35, 7, 85, 0, 1, 27, 12, 5, 0, 0, 2043, 30
2013-09-29, Bears, 131, 16, 286, 47, 27, 4, 30, 1, 3, 18, 13, 1, 2, 2, 1691, 32, Lions, 159, 30, 228, 35, 23, 3, 25, 2, 1, 23, 10, 2, 0, 0, 1909, 40
2013-09-29, Steelers, 77, 21, 357, 51, 36, 4, 50, 1, 1, 29, 15, 8, 0, 0, 2187, 27, Vikings, 145, 25, 248, 25, 16, 5, 89, 0, 0, 16, 11, 4, 0, 0, 1413, 34
2013-09-29, Colts, 157, 30, 280, 38, 23, 7, 58, 0, 1, 26, 13, 6, 0, 0, 2198, 37, Jaguars, 40, 18, 165, 32, 17, 9, 65, 0, 3, 14, 11, 2, 1, 0, 1402, 3
2013-09-29, Seahawks, 179, 30, 91, 23, 12, 9, 62, 1, 1, 15, 14, 3, 1, 1, 1908, 23, Texans, 151, 35, 325, 49, 31, 6, 86, 1, 2, 29, 17, 6, 0, 0, 2393, 20
2013-09-29, Bengals, 63, 20, 203, 42, 23, 3, 25, 1, 1, 16, 14, 4, 3, 1, 1731, 6, Browns, 89, 30, 247, 38, 25, 5, 80, 0, 0, 18, 18, 9, 0, 0, 1869, 17
2013-09-30, Dolphins, 115, 19, 216, 35, 22, 5, 25, 1, 3, 19, 9, 3, 0, 0, 1571, 17, Saints, 68, 24, 397, 39, 30, 6, 45, 1, 0, 23, 13, 6, 0, 0, 2029, 38
2013-10-03, Bills, 155, 31, 188, 40, 19, 7, 56, 0, 1, 20, 16, 5, 2, 1, 1657, 24, Browns, 91, 32, 199, 28, 15, 6, 66, 0, 0, 19, 17, 7, 0, 0, 1943, 37
2013-10-06, Panthers, 95, 20, 258, 39, 21, 9, 79, 1, 3, 21, 12, 5, 1, 0, 1864, 6, Cardinals, 90, 28, 160, 28, 19, 3, 30, 0, 3, 19, 12, 4, 0, 0, 1736, 22
2013-10-06, Broncos, 103, 31, 414, 42, 33, 5, 55, 1, 1, 34, 13, 9, 0, 0, 1954, 51, Cowboys, 52, 14, 470, 36, 25, 9, 81, 1, 1, 24, 6, 4, 0, 0, 1646, 48
2013-10-06, Jaguars, 96, 25, 267, 32, 16, 4, 45, 1, 2, 16, 12, 3, 2, 0, 1481, 20, Rams, 143, 36, 208, 34, 19, 6, 53, 0, 0, 22, 19, 8, 0, 0, 2119, 34
2013-10-06, Lions, 64, 19, 222, 40, 25, 7, 50, 0, 0, 19, 15, 7, 1, 0, 1661, 9, Packers, 180, 33, 269, 30, 20, 10, 72, 0, 0, 16, 16, 7, 0, 0, 1939, 22
2013-10-06, Chiefs, 120, 26, 233, 39, 20, 9, 61, 1, 1, 20, 12, 1, 0, 0, 1877, 26, Titans, 105, 22, 234, 41, 21, 6, 35, 1, 2, 19, 14, 4, 3, 2, 1723, 17
2013-10-06, Saints, 64, 29, 288, 35, 29, 2, 10, 0, 0, 17, 16, 6, 1, 1, 2160, 26, Bears, 94, 18, 340, 33, 24, 6, 43, 1, 0, 20, 10, 4, 1, 0, 1440, 18
2013-10-06, Patriots, 82, 18, 166, 38, 18, 0, 0, 1, 1, 15, 12, 1, 0, 0, 1544, 6, Bengals, 162, 39, 179, 27, 20, 7, 59, 1, 1, 21, 15, 6, 1, 1, 2056, 13
2013-10-06, Ravens, 133, 40, 251, 32, 19, 6, 64, 1, 1, 20, 16, 6, 0, 0, 2176, 26, Dolphins, 22, 11, 272, 40, 21, 4, 65, 0, 0, 10, 16, 3, 1, 1, 1424, 23
2013-10-06, Eagles, 140, 37, 299, 39, 22, 8, 88, 0, 0, 28, 19, 9, 0, 0, 1927, 36, Giants, 53, 17, 330, 52, 24, 12, 136, 1, 3, 21, 13, 5, 0, 0, 1673, 21
2013-10-06, Texans, 131, 30, 182, 40, 22, 7, 52, 1, 3, 17, 16, 6, 3, 2, 2032, 3, 49ers, 177, 36, 107, 15, 6, 3, 17, 0, 0, 17, 11, 4, 1, 0, 1568, 34
2013-10-06, Seahawks, 218, 34, 205, 31, 15, 7, 85, 1, 1, 21, 12, 2, 3, 1, 1882, 28, Colts, 109, 29, 208, 29, 16, 3, 35, 2, 0, 20, 12, 7, 0, 0, 1718, 34
2013-10-06, Chargers, 36, 19, 391, 48, 36, 5, 30, 2, 3, 27, 11, 4, 1, 0, 1855, 17, Raiders, 104, 28, 195, 23, 18, 8, 85, 0, 0, 17, 12, 4, 0, 0, 1745, 27
2013-10-07, Jets, 118, 22, 170, 20, 16, 6, 24, 0, 0, 15, 11, 6, 0, 0, 1473, 30, Falcons, 64, 22, 299, 46, 37, 4, 46, 1, 0, 26, 12, 6, 2, 1, 2127, 28
2013-10-10, Giants, 123, 26, 232, 26, 14, 4, 31, 0, 3, 21, 11, 7, 0, 0, 1625, 21, Bears, 110, 29, 262, 36, 24, 5, 51, 0, 0, 26, 11, 5, 1, 0, 1975, 27
2013-10-13, Lions, 118, 28, 248, 43, 25, 8, 65, 0, 1, 24, 14, 8, 0, 0, 2009, 31, Browns, 126, 21, 269, 43, 26, 9, 87, 0, 2, 23, 14, 5, 1, 1, 1591, 17
2013-10-13, Bengals, 165, 41, 318, 40, 26, 8, 78, 0, 1, 26, 18, 7, 1, 1, 2572, 27, Bills, 130, 32, 192, 32, 19, 4, 27, 1, 0, 20, 17, 8, 2, 1, 1524, 24
2013-10-13, Steelers, 73, 26, 255, 31, 24, 7, 49, 0, 0, 16, 16, 6, 0, 0, 2149, 19, Jets, 83, 20, 184, 34, 19, 5, 60, 0, 2, 18, 11, 3, 0, 0, 1451, 6
2013-10-13, Titans, 66, 20, 157, 29, 17, 7, 44, 0, 2, 13, 12, 4, 2, 1, 1598, 13, Seahawks, 151, 33, 253, 31, 23, 6, 65, 2, 0, 24, 13, 5, 1, 1, 2002, 20
2013-10-13, Saints, 131, 26, 230, 36, 17, 7, 56, 1, 1, 20, 14, 5, 0, 0, 1689, 27, Patriots, 141, 35, 235, 43, 25, 4, 33, 0, 1, 26, 15, 5, 3, 1, 1911, 30
2013-10-13, Raiders, 121, 28, 153, 34, 18, 11, 68, 0, 3, 18, 15, 4, 1, 1, 2040, 7, Chiefs, 111, 27, 105, 31, 14, 4, 20, 1, 0, 16, 14, 4, 0, 0, 1560, 24
2013-10-13, Cardinals, 109, 21, 294, 41, 25, 6, 38, 2, 2, 16, 13, 5, 1, 0, 1541, 20, 49ers, 149, 38, 238, 29, 16, 4, 35, 1, 1, 20, 14, 4, 1, 1, 2059, 32
2013-10-13, Jaguars, 71, 27, 291, 42, 27, 7, 62, 0, 2, 20, 14, 5, 3, 0, 1875, 19, Broncos, 112, 29, 295, 42, 28, 4, 31, 2, 1, 26, 13, 7, 1, 1, 1725, 35
2013-10-13, Packers, 140, 30, 298, 32, 17, 8, 55, 1, 1, 15, 17, 6, 0, 0, 1882, 19, Ravens, 47, 22, 313, 34, 20, 6, 40, 1, 0, 15, 14, 2, 2, 1, 1718, 17
2013-10-13, Rams, 99, 25, 117, 16, 12, 9, 74, 0, 0, 15, 7, 3, 0, 0, 1490, 38, Texans, 153, 30, 267, 38, 27, 7, 95, 2, 2, 27, 14, 6, 3, 2, 2110, 13
2013-10-13, Panthers, 131, 39, 236, 26, 20, 6, 40, 0, 0, 22, 12, 7, 2, 2, 2187, 35, Vikings, 75, 13, 215, 44, 32, 5, 55, 0, 2, 17, 14, 6, 2, 1, 1413, 10
2013-10-13, Eagles, 138, 33, 287, 31, 22, 3, 31, 1, 0, 21, 14, 7, 0, 0, 1574, 31, Buccaneers, 94, 21, 257, 43, 26, 8, 72, 0, 1, 19, 15, 6, 2, 1, 2026, 20
2013-10-13, Redskins, 216, 33, 217, 39, 19, 12, 104, 1, 1, 25, 16, 8, 1, 0, 2072, 16, Cowboys, 48, 19, 165, 30, 18, 7, 80, 0, 1, 18, 12, 5, 0, 0, 1528, 31
2013-10-14, Colts, 74, 17, 193, 30, 18, 5, 28, 0, 1, 12, 10, 2, 0, 0, 1289, 9, Chargers, 147, 37, 227, 33, 22, 5, 25, 0, 0, 24, 14, 7, 0, 0, 2311, 19
2013-10-17, Seahawks, 135, 32, 209, 29, 18, 10, 70, 2, 0, 21, 12, 7, 1, 0, 1660, 34, Cardinals, 30, 18, 204, 45, 30, 3, 22, 0, 2, 22, 15, 5, 2, 1, 1940, 22
2013-10-20, Bengals, 57, 18, 364, 34, 24, 6, 50, 0, 0, 18, 10, 4, 0, 0, 1529, 27, Lions, 77, 25, 357, 51, 28, 4, 30, 0, 0, 22, 19, 13, 0, 0, 2071, 24
2013-10-20, Broncos, 64, 20, 365, 49, 29, 12, 103, 2, 1, 23, 16, 5, 1, 1, 1693, 33, Colts, 121, 31, 213, 38, 21, 6, 52, 1, 0, 19, 17, 5, 0, 0, 1907, 39
2013-10-20, Ravens, 82, 26, 205, 34, 24, 9, 67, 0, 0, 19, 14, 7, 1, 1, 1739, 16, Steelers, 141, 29, 145, 23, 17, 7, 50, 1, 0, 17, 12, 7, 0, 0, 1861, 19
2013-10-20, Buccaneers, 111, 28, 226, 44, 26, 11, 103, 1, 0, 23, 17, 5, 3, 3, 2269, 23, Falcons, 18, 18, 273, 26, 20, 9, 101, 1, 0, 15, 9, 3, 0, 0, 1331, 31
2013-10-20, Bears, 140, 22, 219, 28, 17, 5, 30, 0, 1, 21, 8, 2, 0, 0, 1564, 41, Redskins, 209, 43, 290, 29, 18, 5, 47, 0, 1, 28, 13, 7, 0, 0, 2036, 45
2013-10-20, Patriots, 90, 20, 205, 46, 22, 7, 100, 0, 1, 21, 12, 1, 1, 1, 1420, 27, Jets, 177, 52, 206, 33, 17, 9, 45, 0, 1, 27, 21, 11, 0, 0, 2773, 30
2013-10-20, Rams, 63, 21, 254, 34, 23, 8, 68, 2, 1, 15, 13, 4, 2, 0, 1600, 15, Panthers, 102, 38, 180, 17, 15, 7, 59, 0, 0, 21, 9, 2, 0, 0, 2000, 30
2013-10-20, 49ers, 153, 41, 196, 21, 13, 5, 42, 0, 0, 19, 16, 8, 0, 0, 2146, 31, Titans, 70, 13, 298, 41, 25, 10, 100, 1, 1, 15, 14, 5, 0, 0, 1454, 17
2013-10-20, Chargers, 158, 40, 276, 26, 22, 8, 61, 0, 0, 27, 12, 7, 0, 0, 2250, 24, Jaguars, 78, 17, 275, 36, 23, 6, 45, 0, 1, 18, 11, 3, 3, 1, 1350, 6
2013-10-20, Bills, 90, 30, 178, 32, 21, 6, 53, 0, 1, 15, 19, 9, 0, 0, 1812, 23, Dolphins, 120, 25, 173, 37, 19, 4, 32, 1, 2, 19, 13, 3, 1, 0, 1788, 21
2013-10-20, Browns, 83, 23, 133, 42, 17, 12, 106, 0, 1, 17, 18, 7, 5, 2, 1600, 13, Packers, 104, 29, 253, 36, 25, 10, 97, 0, 0, 26, 13, 7, 0, 0, 2000, 31
2013-10-20, Texans, 73, 24, 221, 25, 15, 4, 40, 1, 0, 14, 12, 4, 0, 0, 1668, 16, Chiefs, 126, 32, 231, 34, 23, 5, 24, 1, 1, 20, 15, 7, 1, 0, 1932, 17
2013-10-20, Cowboys, 74, 26, 294, 47, 28, 12, 75, 0, 2, 22, 16, 5, 0, 0, 2173, 17, Eagles, 84, 23, 194, 49, 22, 5, 33, 0, 3, 19, 18, 4, 1, 1, 1427, 3
2013-10-21, Vikings, 30, 14, 176, 53, 20, 3, 38, 2, 1, 13, 18, 7, 3, 0, 1418, 7, Giants, 64, 32, 193, 39, 23, 5, 72, 1, 0, 17, 19, 7, 0, 0, 2182, 23
2013-10-24, Panthers, 129, 27, 195, 32, 23, 6, 59, 0, 0, 21, 12, 5, 1, 1, 2073, 31, Buccaneers, 48, 14, 249, 51, 30, 3, 21, 1, 0, 19, 14, 4, 2, 0, 1527, 13
2013-10-27, Browns, 57, 15, 283, 36, 22, 9, 70, 1, 0, 13, 12, 3, 2, 1, 1435, 17, Chiefs, 136, 29, 195, 36, 24, 5, 31, 0, 0, 20, 19, 10, 0, 0, 2165, 23
2013-10-27, Packers, 182, 42, 282, 29, 24, 6, 120, 0, 0, 26, 18, 13, 2, 2, 2454, 44, Vikings, 111, 19, 132, 21, 14, 7, 46, 0, 0, 15, 8, 2, 0, 0, 1146, 31
2013-10-27, Dolphins, 156, 31, 145, 42, 22, 7, 61, 1, 2, 23, 17, 8, 2, 1, 2099, 17, Patriots, 152, 37, 100, 22, 13, 5, 35, 0, 1, 19, 10, 2, 1, 1, 1501, 27
2013-10-27, Steelers, 35, 19, 241, 45, 29, 3, 12, 0, 2, 20, 15, 4, 0, 0, 1799, 18, Raiders, 197, 38, 82, 19, 10, 6, 39, 1, 2, 13, 14, 5, 0, 0, 1801, 21
2013-10-27, Cowboys, 62, 26, 206, 30, 14, 2, 31, 0, 0, 13, 13, 3, 0, 0, 1489, 30, Lions, 143, 29, 480, 48, 33, 8, 61, 2, 2, 29, 11, 3, 2, 1, 2111, 31
2013-10-27, Redskins, 112, 28, 154, 39, 20, 1, 5, 1, 4, 22, 14, 6, 0, 0, 1680, 21, Broncos, 107, 34, 339, 44, 30, 6, 57, 1, 3, 29, 12, 4, 2, 2, 1920, 45
2013-10-27, Jets, 93, 24, 147, 37, 23, 4, 69, 0, 2, 15, 15, 6, 1, 0, 1997, 9, Bengals, 79, 25, 323, 30, 19, 4, 45, 0, 1, 20, 11, 6, 1, 0, 1603, 49
2013-10-27, Falcons, 27, 14, 265, 61, 34, 10, 55, 0, 4, 20, 20, 8, 2, 1, 2059, 13, Cardinals, 201, 30, 147, 18, 13, 8, 52, 0, 1, 17, 10, 3, 0, 0, 1541, 27
2013-10-27, Bills, 88, 25, 211, 39, 22, 6, 45, 2, 1, 20, 13, 5, 1, 0, 1650, 17, Saints, 77, 26, 309, 34, 26, 8, 59, 0, 0, 21, 15, 7, 1, 1, 1950, 35
2013-10-27, 49ers, 221, 38, 177, 17, 11, 4, 35, 1, 0, 25, 9, 6, 2, 2, 1709, 42, Jaguars, 90, 25, 228, 45, 29, 6, 76, 1, 0, 20, 14, 4, 5, 3, 1891, 10
2013-10-27, Giants, 88, 31, 237, 39, 25, 11, 92, 1, 0, 16, 19, 8, 1, 0, 2285, 15, Eagles, 48, 19, 152, 35, 23, 4, 48, 1, 2, 15, 12, 3, 2, 0, 1315, 7
2013-10-28, Seahawks, 44, 15, 91, 18, 10, 10, 83, 0, 0, 7, 11, 2, 0, 0, 1311, 14, Rams, 200, 37, 139, 31, 15, 8, 53, 0, 2, 23, 14, 5, 1, 0, 2289, 9
2013-10-31, Bengals, 163, 35, 302, 53, 32, 3, 63, 1, 3, 28, 20, 10, 1, 1, 2402, 20, Dolphins, 157, 30, 188, 28, 20, 2, 25, 1, 0, 15, 14, 3, 0, 0, 1700, 22
2013-11-03, Ravens, 55, 21, 223, 41, 24, 9, 80, 1, 1, 18, 16, 7, 1, 1, 1750, 18, Browns, 73, 29, 242, 37, 24, 6, 55, 1, 0, 19, 15, 4, 2, 2, 1850, 24
2013-11-03, Chiefs, 95, 23, 115, 29, 19, 5, 38, 0, 0, 15, 13, 3, 0, 0, 1786, 23, Bills, 241, 38, 229, 39, 18, 6, 48, 1, 2, 25, 13, 4, 2, 0, 1814, 13
2013-11-03, Steelers, 108, 20, 371, 48, 28, 8, 96, 1, 2, 24, 13, 5, 3, 1, 1872, 31, Patriots, 197, 35, 413, 33, 23, 3, 30, 1, 0, 33, 12, 7, 1, 0, 1728, 55
2013-11-03, Buccaneers, 205, 38, 145, 24, 18, 8, 99, 0, 0, 24, 15, 8, 0, 0, 2197, 24, Seahawks, 198, 35, 217, 26, 19, 6, 67, 1, 2, 26, 12, 8, 0, 0, 1812, 27
2013-11-03, Saints, 41, 13, 366, 51, 30, 9, 59, 0, 2, 23, 11, 3, 3, 1, 1772, 20, Jets, 198, 36, 140, 20, 9, 8, 62, 0, 0, 14, 14, 4, 0, 0, 1828, 26
2013-11-03, Falcons, 78, 20, 211, 27, 20, 7, 59, 1, 3, 12, 10, 4, 0, 0, 1409, 10, Panthers, 131, 33, 242, 37, 23, 2, 15, 0, 2, 27, 14, 8, 1, 1, 2191, 34
2013-11-03, Vikings, 169, 29, 224, 37, 25, 4, 35, 1, 1, 22, 13, 5, 3, 2, 1887, 23, Cowboys, 36, 9, 314, 51, 34, 5, 45, 0, 1, 20, 14, 5, 0, 0, 1713, 27
2013-11-03, Colts, 69, 14, 245, 40, 18, 3, 15, 0, 0, 17, 13, 4, 0, 0, 1428, 27, Texans, 143, 33, 340, 34, 20, 5, 86, 0, 0, 22, 14, 6, 1, 0, 2172, 24
2013-11-03, Chargers, 69, 16, 341, 46, 29, 7, 63, 0, 2, 25, 9, 3, 1, 1, 1558, 24, Redskins, 209, 40, 291, 32, 23, 7, 65, 0, 1, 27, 17, 12, 0, 0, 2403, 30
2013-11-03, Eagles, 124, 25, 418, 31, 24, 7, 52, 0, 0, 21, 10, 4, 0, 0, 1326, 49, Raiders, 210, 33, 350, 56, 29, 8, 70, 0, 2, 29, 18, 6, 1, 0, 2274, 20
2013-11-03, Titans, 198, 35, 165, 22, 13, 3, 30, 0, 2, 22, 12, 7, 0, 0, 1629, 28, Rams, 160, 32, 203, 35, 20, 6, 44, 2, 0, 21, 13, 5, 1, 0, 1971, 21
2013-11-04, Bears, 171, 33, 271, 41, 22, 4, 45, 0, 0, 25, 14, 6, 1, 1, 1989, 27, Packers, 199, 29, 113, 21, 12, 0, 0, 0, 1, 17, 9, 1, 0, 0, 1611, 20
2013-11-07, Redskins, 191, 36, 242, 37, 24, 8, 63, 0, 0, 27, 16, 9, 2, 1, 2161, 27, Vikings, 91, 24, 216, 27, 21, 1, 7, 0, 1, 22, 10, 6, 0, 0, 1439, 34
2013-11-10, Bengals, 120, 31, 244, 51, 24, 9, 134, 0, 3, 21, 19, 5, 5, 3, 2278, 17, Ravens, 85, 30, 104, 36, 20, 8, 65, 1, 2, 18, 16, 3, 0, 0, 1895, 20
2013-11-10, Rams, 140, 37, 232, 16, 9, 8, 46, 1, 0, 12, 15, 7, 1, 0, 1838, 38, Colts, 18, 14, 388, 52, 31, 2, 20, 1, 4, 21, 12, 2, 2, 0, 1762, 8
2013-11-10, Panthers, 109, 31, 141, 32, 16, 3, 25, 1, 1, 15, 17, 7, 0, 0, 1923, 10, 49ers, 105, 24, 46, 22, 11, 4, 25, 1, 1, 10, 13, 2, 0, 0, 1677, 9
2013-11-10, Raiders, 107, 25, 106, 26, 11, 8, 65, 1, 1, 12, 12, 2, 0, 0, 1678, 20, Giants, 133, 38, 118, 22, 12, 1, 5, 2, 1, 19, 14, 7, 0, 0, 1922, 24
2013-11-10, Texans, 76, 21, 159, 43, 22, 7, 53, 1, 0, 17, 16, 6, 1, 0, 1732, 24, Cardinals, 97, 29, 235, 32, 20, 6, 29, 2, 1, 19, 10, 3, 0, 0, 1868, 27
2013-11-10, Bills, 95, 22, 132, 39, 22, 4, 28, 0, 1, 16, 14, 3, 1, 1, 1484, 10, Steelers, 136, 33, 164, 30, 18, 6, 42, 0, 1, 19, 17, 8, 0, 0, 2116, 23
2013-11-10, Cowboys, 89, 16, 104, 24, 10, 11, 82, 0, 0, 9, 9, 0, 0, 0, 1228, 17, Saints, 242, 38, 383, 41, 34, 6, 44, 1, 0, 40, 12, 9, 1, 1, 2372, 49
2013-11-10, Seahawks, 211, 42, 279, 26, 19, 9, 80, 0, 0, 25, 15, 9, 0, 0, 2130, 33, Falcons, 64, 16, 162, 36, 23, 1, 15, 1, 0, 16, 12, 4, 1, 1, 1470, 10
2013-11-10, Lions, 145, 26, 219, 35, 18, 5, 51, 0, 1, 21, 12, 5, 1, 0, 1705, 21, Bears, 38, 20, 300, 49, 27, 5, 39, 0, 1, 19, 17, 7, 2, 1, 1895, 19
2013-11-10, Eagles, 204, 37, 211, 18, 12, 5, 65, 1, 0, 19, 11, 4, 0, 0, 1536, 27, Packers, 99, 30, 297, 44, 29, 5, 31, 0, 2, 23, 16, 7, 2, 1, 2064, 13
2013-11-10, Broncos, 84, 22, 313, 36, 25, 3, 28, 1, 0, 22, 8, 3, 0, 0, 1317, 28, Chargers, 131, 35, 198, 29, 19, 6, 40, 0, 0, 20, 16, 7, 1, 1, 2283, 20
2013-11-10, Jaguars, 54, 30, 160, 23, 14, 4, 19, 0, 2, 13, 12, 3, 0, 0, 1764, 29, Titans, 83, 27, 279, 42, 26, 6, 45, 3, 1, 19, 18, 10, 0, 0, 1836, 27
2013-11-11, Dolphins, 2, 14, 211, 42, 27, 4, 70, 0, 1, 16, 12, 4, 1, 0, 1512, 19, Buccaneers, 140, 37, 124, 21, 11, 9, 70, 0, 1, 18, 12, 3, 0, 0, 2088, 22
2013-11-14, Colts, 137, 32, 229, 36, 23, 5, 51, 0, 0, 24, 13, 6, 0, 0, 1943, 30, Titans, 122, 24, 218, 28, 22, 4, 34, 1, 0, 20, 11, 6, 0, 0, 1657, 27
2013-11-17, Redskins, 191, 38, 236, 35, 17, 4, 39, 1, 1, 23, 17, 8, 1, 0, 2022, 16, Eagles, 126, 33, 276, 26, 17, 9, 68, 0, 0, 22, 13, 4, 2, 1, 1578, 24
2013-11-17, Cardinals, 14, 24, 402, 42, 30, 5, 42, 0, 0, 19, 16, 5, 0, 0, 2153, 27, Jaguars, 32, 16, 242, 42, 27, 6, 40, 0, 2, 14, 14, 2, 3, 2, 1447, 14
2013-11-17, Falcons, 152, 20, 268, 43, 24, 7, 45, 1, 2, 24, 7, 1, 2, 1, 1606, 28, Buccaneers, 186, 38, 224, 25, 20, 11, 121, 0, 0, 24, 11, 3, 2, 1, 1994, 41
2013-11-17, Packers, 55, 20, 339, 34, 24, 5, 38, 0, 3, 16, 8, 2, 1, 0, 1486, 13, Giants, 78, 24, 256, 35, 25, 3, 30, 0, 1, 19, 14, 4, 2, 2, 2114, 27
2013-11-17, Raiders, 165, 31, 176, 32, 18, 8, 77, 0, 0, 12, 18, 5, 0, 0, 1891, 28, Texans, 90, 21, 304, 49, 25, 9, 50, 1, 1, 14, 16, 2, 1, 0, 1709, 23
2013-11-17, Lions, 107, 25, 344, 46, 19, 8, 45, 2, 1, 21, 16, 6, 4, 1, 1664, 27, Steelers, 40, 27, 358, 45, 29, 4, 23, 0, 0, 24, 16, 6, 1, 1, 1936, 37
2013-11-17, Chiefs, 144, 25, 200, 45, 21, 9, 53, 1, 0, 24, 13, 4, 1, 0, 1807, 17, Broncos, 104, 36, 323, 40, 24, 13, 82, 1, 0, 24, 16, 6, 0, 0, 1793, 27
2013-11-17, Browns, 102, 19, 228, 56, 27, 5, 40, 1, 3, 15, 18, 4, 4, 1, 1944, 20, Bengals, 106, 31, 118, 28, 14, 8, 64, 0, 2, 10, 14, 1, 0, 0, 1656, 41
2013-11-17, Chargers, 154, 26, 281, 34, 22, 10, 76, 0, 1, 22, 11, 4, 0, 0, 1884, 16, Dolphins, 104, 19, 239, 35, 22, 3, 15, 0, 1, 21, 10, 2, 0, 0, 1716, 20
2013-11-17, Ravens, 174, 41, 143, 31, 17, 5, 46, 0, 2, 23, 18, 8, 2, 1, 2141, 20, Bears, 104, 26, 215, 31, 19, 13, 111, 0, 0, 18, 13, 5, 0, 0, 1838, 23
2013-11-17, 49ers, 81, 22, 115, 31, 17, 5, 45, 0, 1, 12, 15, 6, 0, 0, 1521, 20, Saints, 92, 23, 295, 43, 30, 4, 48, 2, 1, 23, 14, 6, 1, 0, 2079, 23
2013-11-17, Vikings, 132, 33, 204, 35, 18, 4, 20, 1, 3, 19, 14, 5, 1, 0, 2049, 20, Seahawks, 93, 28, 230, 21, 14, 7, 96, 0, 0, 16, 11, 4, 0, 0, 1551, 41
2013-11-17, Jets, 134, 23, 133, 29, 12, 4, 24, 1, 3, 12, 11, 2, 2, 1, 1578, 14, Bills, 68, 38, 245, 28, 20, 8, 64, 0, 0, 14, 19, 8, 1, 1, 2022, 37
2013-11-18, Patriots, 107, 25, 283, 40, 29, 5, 50, 1, 1, 28, 10, 5, 1, 1, 1846, 20, Panthers, 103, 23, 197, 28, 19, 7, 47, 0, 0, 20, 11, 8, 0, 0, 1754, 24
2013-11-21, Saints, 103, 25, 271, 33, 23, 5, 66, 0, 0, 19, 13, 7, 1, 0, 1574, 17, Falcons, 91, 22, 264, 39, 30, 3, 25, 1, 0, 22, 12, 6, 0, 0, 2026, 13
2013-11-24, Steelers, 85, 34, 217, 34, 22, 2, 8, 0, 0, 19, 14, 4, 1, 0, 2019, 27, Browns, 55, 16, 312, 52, 27, 2, 10, 3, 1, 19, 17, 6, 2, 1, 1581, 11
2013-11-24, Cowboys, 107, 20, 204, 38, 23, 11, 85, 0, 1, 24, 11, 4, 0, 0, 1761, 24, Giants, 202, 30, 154, 30, 16, 11, 81, 1, 0, 22, 12, 3, 2, 1, 1839, 21
2013-11-24, Broncos, 280, 48, 132, 36, 19, 9, 85, 3, 1, 28, 18, 9, 0, 0, 2338, 31, Patriots, 116, 31, 324, 50, 34, 5, 36, 3, 0, 27, 14, 6, 1, 0, 2046, 34
2013-11-24, Jaguars, 118, 28, 215, 33, 23, 7, 63, 0, 0, 16, 17, 7, 1, 1, 2021, 13, Texans, 77, 21, 141, 34, 18, 2, 22, 0, 1, 11, 15, 4, 1, 0, 1579, 6
2013-11-24, Bears, 80, 26, 344, 47, 36, 10, 84, 2, 1, 30, 10, 6, 1, 0, 2169, 21, Rams, 258, 29, 148, 22, 10, 6, 39, 0, 0, 20, 10, 4, 0, 0, 1431, 42
2013-11-24, Colts, 80, 15, 159, 39, 20, 6, 89, 0, 1, 15, 13, 5, 2, 0, 1391, 11, Cardinals, 120, 30, 290, 38, 26, 9, 84, 0, 0, 27, 14, 7, 0, 0, 2209, 40
2013-11-24, Titans, 114, 29, 312, 42, 30, 10, 100, 0, 0, 22, 18, 10, 0, 0, 2148, 23, Raiders, 93, 23, 260, 32, 19, 4, 50, 1, 1, 19, 10, 3, 0, 0, 1452, 19
2013-11-24, Panthers, 136, 28, 159, 38, 19, 8, 56, 0, 1, 20, 17, 6, 2, 2, 1812, 20, Dolphins, 52, 17, 280, 42, 28, 6, 55, 0, 1, 13, 16, 4, 0, 0, 1788, 16
2013-11-24, Chargers, 104, 27, 387, 39, 27, 9, 97, 0, 0, 24, 15, 7, 1, 1, 1857, 41, Chiefs, 114, 18, 281, 38, 26, 7, 62, 1, 1, 26, 9, 3, 0, 0, 1743, 38
2013-11-24, Buccaneers, 22, 24, 207, 21, 14, 9, 67, 0, 0, 10, 14, 4, 0, 0, 1598, 24, Lions, 104, 24, 286, 46, 26, 5, 39, 1, 4, 25, 15, 8, 1, 1, 2002, 21
2013-11-24, Jets, 102, 28, 118, 24, 10, 6, 56, 1, 2, 12, 12, 1, 0, 0, 1555, 3, Ravens, 67, 31, 245, 27, 17, 5, 41, 0, 1, 15, 13, 3, 0, 0, 2045, 19
2013-11-24, Vikings, 232, 43, 215, 30, 21, 5, 53, 1, 0, 28, 16, 6, 0, 0, 2433, 26, Packers, 196, 34, 298, 53, 28, 7, 50, 0, 0, 30, 16, 3, 2, 2, 2067, 26
2013-11-25, 49ers, 76, 33, 228, 24, 15, 4, 25, 1, 0, 15, 14, 4, 2, 1, 1886, 27, Redskins, 114, 26, 76, 26, 16, 4, 30, 0, 1, 10, 15, 4, 2, 0, 1714, 6
2013-11-28, Raiders, 50, 25, 255, 30, 18, 10, 71, 1, 1, 16, 13, 7, 0, 0, 1661, 24, Cowboys, 144, 30, 208, 32, 23, 6, 40, 1, 0, 23, 13, 7, 0, 0, 1939, 31
2013-11-28, Packers, 24, 15, 102, 20, 10, 3, 25, 2, 1, 7, 10, 2, 0, 0, 1174, 10, Lions, 241, 43, 320, 35, 22, 5, 50, 2, 2, 30, 12, 9, 0, 0, 2426, 40
2013-11-28, Steelers, 72, 18, 257, 44, 28, 4, 51, 0, 0, 22, 13, 7, 2, 1, 1804, 20, Ravens, 74, 25, 237, 35, 24, 9, 55, 0, 0, 16, 17, 10, 0, 0, 1796, 22
2013-12-01, Falcons, 151, 30, 272, 47, 28, 8, 75, 1, 0, 26, 18, 10, 0, 0, 2289, 34, Bills, 195, 31, 210, 32, 18, 6, 49, 2, 0, 19, 14, 5, 0, 0, 1491, 31
2013-12-01, Dolphins, 125, 36, 328, 43, 28, 3, 28, 0, 1, 25, 16, 7, 2, 0, 2332, 23, Jets, 99, 22, 78, 28, 13, 4, 25, 1, 2, 10, 12, 2, 2, 0, 1268, 3
2013-12-01, Bears, 135, 25, 345, 36, 23, 6, 51, 1, 0, 20, 11, 2, 0, 0, 2048, 20, Vikings, 246, 40, 250, 41, 23, 6, 60, 0, 1, 28, 17, 4, 3, 3, 2349, 23
2013-12-01, Titans, 162, 36, 185, 37, 21, 6, 74, 1, 3, 24, 15, 6, 1, 1, 2035, 14, Colts, 104, 25, 160, 32, 17, 7, 50, 0, 1, 18, 14, 3, 1, 1, 1565, 22
2013-12-01, Giants, 80, 23, 206, 28, 22, 1, 1, 0, 1, 16, 12, 4, 0, 0, 1705, 24, Redskins, 139, 31, 184, 32, 24, 8, 55, 1, 0, 18, 16, 5, 3, 2, 1895, 17
2013-12-01, Jaguars, 112, 29, 202, 41, 23, 5, 35, 0, 1, 22, 16, 7, 0, 0, 1835, 32, Browns, 97, 30, 342, 40, 24, 9, 50, 1, 2, 24, 13, 6, 1, 1, 1765, 28
2013-12-01, Cardinals, 90, 22, 260, 41, 24, 6, 55, 1, 2, 24, 12, 4, 2, 1, 1839, 21, Eagles, 105, 34, 202, 34, 21, 5, 48, 0, 0, 23, 16, 5, 1, 1, 1761, 24
2013-12-01, Patriots, 88, 27, 365, 41, 29, 0, 0, 0, 1, 28, 12, 5, 0, 0, 2025, 34, Texans, 121, 28, 264, 30, 15, 2, 25, 0, 1, 19, 11, 5, 1, 0, 1575, 31
2013-12-01, Buccaneers, 66, 20, 140, 21, 14, 4, 30, 1, 1, 10, 10, 1, 1, 0, 1535, 6, Panthers, 163, 34, 263, 29, 18, 3, 25, 0, 2, 20, 13, 5, 2, 2, 2065, 27
2013-12-01, Bengals, 164, 38, 190, 23, 14, 3, 30, 1, 1, 19, 12, 6, 0, 0, 1780, 17, Chargers, 91, 24, 243, 37, 23, 5, 45, 2, 1, 19, 13, 6, 0, 0, 1820, 10
2013-12-01, Rams, 114, 26, 198, 38, 19, 11, 105, 0, 1, 19, 13, 4, 2, 0, 1616, 13, 49ers, 83, 30, 255, 28, 19, 9, 85, 1, 0, 20, 12, 4, 0, 0, 1984, 23
2013-12-01, Broncos, 132, 31, 403, 35, 22, 10, 75, 0, 2, 25, 14, 8, 0, 0, 1684, 35, Chiefs, 159, 25, 293, 42, 26, 9, 102, 0, 1, 27, 13, 5, 2, 1, 1916, 28
2013-12-02, Saints, 44, 17, 144, 38, 23, 7, 52, 1, 0, 12, 15, 6, 2, 0, 1582, 7, Seahawks, 127, 38, 302, 30, 22, 8, 66, 0, 0, 23, 14, 7, 2, 1, 2018, 34
2013-12-05, Texans, 83, 19, 323, 58, 33, 14, 177, 0, 2, 23, 17, 8, 2, 1, 2122, 20, Jaguars, 149, 28, 132, 28, 13, 8, 57, 0, 0, 18, 14, 4, 0, 0, 1478, 27
2013-12-08, Rams, 100, 19, 157, 27, 16, 11, 90, 0, 2, 14, 11, 3, 1, 0, 1493, 10, Cardinals, 107, 32, 262, 32, 27, 6, 31, 1, 0, 25, 14, 8, 0, 0, 2107, 30
2013-12-08, Lions, 80, 33, 151, 25, 10, 9, 48, 3, 0, 11, 15, 5, 2, 1, 1713, 20, Eagles, 299, 46, 179, 22, 11, 1, 5, 0, 1, 23, 12, 3, 3, 2, 1887, 34
2013-12-08, Colts, 63, 12, 326, 46, 29, 6, 47, 0, 0, 21, 10, 2, 0, 0, 1335, 28, Bengals, 155, 35, 275, 35, 24, 7, 60, 0, 0, 28, 12, 6, 1, 1, 2265, 42
2013-12-08, Bills, 67, 22, 147, 33, 18, 11, 114, 1, 4, 14, 11, 1, 0, 0, 1690, 6, Buccaneers, 165, 36, 81, 25, 9, 8, 76, 0, 2, 13, 15, 4, 0, 0, 1910, 27
2013-12-08, Panthers, 128, 23, 111, 34, 22, 5, 35, 0, 0, 16, 15, 6, 1, 1, 1947, 13, Saints, 69, 17, 304, 42, 30, 5, 45, 0, 0, 24, 12, 7, 0, 0, 1653, 31
2013-12-08, Titans, 96, 22, 158, 24, 13, 8, 66, 1, 1, 15, 9, 2, 3, 2, 1240, 28, Broncos, 154, 32, 397, 59, 39, 7, 60, 0, 0, 39, 13, 5, 3, 3, 2360, 51
2013-12-08, Browns, 108, 25, 386, 44, 29, 7, 75, 0, 0, 24, 15, 7, 0, 0, 1900, 26, Patriots, 87, 21, 397, 52, 32, 6, 41, 1, 1, 30, 15, 6, 1, 1, 1700, 27
2013-12-08, Chiefs, 192, 38, 154, 23, 15, 3, 30, 0, 1, 20, 11, 2, 2, 1, 2050, 45, Redskins, 65, 17, 192, 42, 19, 4, 27, 1, 1, 13, 15, 3, 2, 0, 1550, 10
2013-12-08, Giants, 92, 20, 241, 32, 20, 7, 72, 1, 2, 18, 8, 3, 2, 1, 1384, 14, Chargers, 144, 40, 244, 28, 21, 6, 30, 1, 0, 25, 15, 10, 0, 0, 2216, 37
2013-12-08, Raiders, 150, 26, 233, 36, 20, 4, 31, 0, 1, 19, 15, 5, 2, 2, 1834, 27, Jets, 143, 32, 209, 25, 16, 4, 36, 0, 1, 18, 13, 7, 0, 0, 1766, 37
2013-12-08, Falcons, 83, 23, 202, 35, 20, 3, 15, 1, 1, 18, 13, 6, 1, 0, 1588, 21, Packers, 112, 33, 222, 32, 24, 2, 10, 1, 1, 20, 15, 7, 0, 0, 2012, 22
2013-12-08, Seahawks, 86, 23, 178, 25, 15, 9, 85, 0, 1, 13, 12, 5, 0, 0, 1652, 17, 49ers, 163, 33, 155, 29, 15, 7, 70, 0, 1, 19, 13, 5, 0, 0, 1948, 19
2013-12-08, Dolphins, 181, 25, 179, 33, 20, 5, 36, 0, 1, 18, 14, 6, 0, 0, 1735, 34, Steelers, 84, 21, 328, 39, 23, 9, 63, 1, 0, 16, 17, 8, 2, 1, 1865, 28
2013-12-08, Vikings, 114, 25, 265, 38, 17, 6, 90, 1, 0, 15, 17, 5, 1, 1, 1668, 26, Ravens, 97, 27, 228, 50, 28, 5, 45, 0, 3, 23, 16, 6, 3, 1, 1932, 29
2013-12-09, Cowboys, 198, 28, 130, 25, 14, 4, 50, 0, 0, 24, 10, 5, 2, 1, 1396, 28, Bears, 149, 32, 341, 36, 27, 2, 15, 0, 0, 33, 11, 8, 0, 0, 2204, 45
2013-12-12, Chargers, 177, 44, 160, 20, 12, 4, 35, 0, 0, 24, 12, 6, 0, 0, 2329, 27, Broncos, 18, 11, 277, 41, 27, 6, 43, 0, 1, 19, 9, 2, 1, 1, 1271, 20
2013-12-15, Seahawks, 134, 34, 193, 29, 20, 8, 50, 0, 1, 21, 13, 3, 0, 0, 2038, 23, Giants, 25, 14, 156, 35, 22, 5, 38, 0, 5, 12, 10, 1, 0, 0, 1562, 0
2013-12-15, 49ers, 187, 40, 189, 29, 19, 8, 62, 0, 0, 22, 15, 6, 0, 0, 2390, 33, Buccaneers, 39, 12, 144, 34, 18, 4, 32, 1, 1, 13, 10, 1, 2, 0, 1210, 14
2013-12-15, Bears, 179, 31, 261, 31, 22, 7, 40, 1, 2, 23, 14, 9, 0, 0, 2088, 38, Browns, 93, 17, 273, 39, 23, 9, 90, 0, 2, 20, 9, 3, 0, 0, 1512, 31
2013-12-15, Bengals, 57, 22, 222, 44, 25, 6, 50, 1, 0, 19, 14, 4, 5, 3, 1704, 20, Steelers, 106, 36, 184, 25, 20, 4, 25, 0, 1, 19, 10, 2, 2, 2, 1896, 30
2013-12-15, Chiefs, 78, 24, 306, 25, 20, 8, 91, 1, 0, 19, 9, 4, 1, 1, 1553, 56, Raiders, 130, 33, 331, 41, 20, 10, 90, 2, 5, 26, 14, 7, 1, 1, 2047, 31
2013-12-15, Cardinals, 145, 36, 215, 30, 20, 9, 69, 0, 0, 24, 12, 6, 0, 0, 1858, 37, Titans, 66, 19, 394, 58, 36, 3, 16, 1, 2, 32, 14, 7, 0, 0, 2024, 34
2013-12-15, Patriots, 96, 22, 357, 55, 34, 1, 2, 0, 1, 29, 17, 9, 2, 1, 1881, 20, Dolphins, 89, 23, 289, 37, 25, 4, 21, 1, 0, 20, 11, 4, 2, 1, 1719, 24
2013-12-15, Saints, 61, 20, 371, 56, 39, 8, 77, 1, 2, 30, 15, 5, 4, 4, 1932, 16, Rams, 144, 34, 158, 20, 14, 4, 30, 0, 0, 17, 14, 7, 0, 0, 1668, 27
2013-12-15, Jets, 157, 28, 140, 28, 15, 3, 20, 0, 1, 19, 15, 8, 0, 0, 1619, 20, Panthers, 131, 36, 261, 24, 16, 6, 59, 0, 0, 21, 11, 5, 1, 0, 1981, 30
2013-12-15, Texans, 107, 25, 132, 34, 18, 14, 114, 0, 2, 12, 15, 5, 1, 0, 1609, 3, Colts, 152, 36, 179, 32, 19, 4, 36, 0, 1, 19, 15, 5, 1, 0, 1991, 25
2013-12-15, Bills, 198, 44, 168, 24, 17, 7, 67, 1, 1, 25, 13, 5, 0, 0, 1955, 27, Jaguars, 159, 31, 195, 36, 21, 6, 80, 2, 2, 22, 15, 8, 1, 0, 1645, 20
2013-12-15, Packers, 150, 27, 299, 39, 26, 7, 59, 0, 1, 26, 13, 7, 0, 0, 1698, 37, Cowboys, 134, 18, 332, 48, 29, 7, 79, 0, 2, 27, 9, 2, 0, 0, 1902, 36
2013-12-15, Eagles, 79, 13, 396, 48, 30, 9, 94, 0, 1, 25, 14, 7, 1, 0, 1414, 30, Vikings, 85, 35, 370, 35, 26, 3, 25, 0, 1, 29, 13, 8, 0, 0, 2186, 48
2013-12-15, Redskins, 103, 21, 373, 45, 29, 9, 66, 5, 2, 22, 10, 5, 0, 0, 1568, 26, Falcons, 54, 21, 189, 38, 29, 7, 73, 1, 1, 19, 14, 5, 1, 0, 2032, 27
2013-12-16, Ravens, 90, 21, 215, 38, 20, 7, 60, 0, 0, 18, 14, 4, 0, 0, 1655, 18, Lions, 119, 28, 230, 34, 18, 8, 89, 0, 3, 19, 13, 4, 0, 0, 1945, 16
2013-12-22, Giants, 41, 21, 238, 42, 23, 5, 30, 1, 1, 15, 17, 6, 1, 1, 1783, 23, Lions, 148, 36, 207, 42, 25, 7, 60, 1, 2, 24, 17, 8, 0, 0, 2265, 20
2013-12-22, Cardinals, 139, 43, 168, 25, 13, 7, 46, 0, 4, 16, 19, 6, 0, 0, 2244, 17, Seahawks, 103, 20, 89, 27, 11, 9, 102, 1, 1, 10, 13, 2, 0, 0, 1356, 10
2013-12-22, Buccaneers, 59, 23, 111, 26, 16, 3, 26, 2, 0, 14, 14, 4, 2, 1, 1554, 13, Rams, 129, 39, 148, 20, 16, 7, 85, 2, 0, 18, 14, 6, 2, 1, 2046, 23
2013-12-22, Browns, 115, 21, 168, 40, 18, 3, 24, 0, 2, 19, 12, 5, 2, 1, 1637, 13, Jets, 208, 39, 214, 37, 20, 6, 35, 0, 0, 25, 18, 12, 1, 0, 1963, 24
2013-12-22, Colts, 135, 34, 232, 37, 26, 3, 31, 0, 0, 19, 18, 7, 1, 1, 2300, 23, Chiefs, 155, 20, 132, 28, 16, 7, 65, 3, 1, 18, 8, 1, 1, 1, 1300, 7
2013-12-22, Saints, 126, 30, 239, 45, 30, 4, 40, 0, 2, 20, 18, 5, 1, 0, 2328, 13, Panthers, 81, 18, 141, 22, 13, 3, 26, 0, 1, 10, 9, 0, 0, 0, 1272, 17
2013-12-22, Broncos, 114, 18, 397, 51, 32, 8, 67, 0, 0, 25, 11, 2, 1, 0, 1733, 37, Texans, 87, 26, 153, 37, 18, 4, 57, 0, 2, 14, 16, 6, 0, 0, 1867, 13
2013-12-22, Dolphins, 14, 12, 89, 33, 12, 6, 37, 0, 2, 6, 14, 2, 1, 0, 1409, 0, Bills, 203, 51, 187, 25, 15, 4, 31, 0, 1, 18, 19, 7, 0, 0, 2191, 19
2013-12-22, Patriots, 142, 34, 158, 26, 14, 7, 58, 0, 0, 21, 13, 4, 0, 0, 1918, 41, Ravens, 121, 28, 237, 42, 23, 9, 83, 1, 3, 19, 14, 5, 3, 0, 1682, 7
2013-12-22, Titans, 182, 44, 164, 26, 17, 1, 4, 0, 1, 22, 13, 3, 4, 3, 2139, 20, Jaguars, 63, 21, 226, 34, 24, 4, 15, 0, 1, 15, 11, 3, 3, 1, 1461, 16
2013-12-22, Steelers, 151, 29, 192, 29, 17, 7, 58, 1, 1, 21, 10, 2, 2, 2, 1600, 38, Packers, 151, 30, 219, 39, 21, 9, 90, 1, 1, 26, 14, 6, 0, 0, 2000, 31
2013-12-22, Bears, 61, 19, 196, 39, 22, 2, 10, 1, 1, 18, 14, 5, 3, 2, 1780, 11, Eagles, 289, 36, 225, 25, 21, 2, 15, 1, 0, 28, 9, 5, 1, 1, 1820, 54
2013-12-22, Vikings, 115, 17, 94, 27, 13, 5, 40, 1, 3, 10, 9, 0, 2, 0, 1228, 14, Bengals, 81, 37, 345, 38, 27, 6, 55, 1, 0, 24, 14, 8, 2, 1, 2372, 42
2013-12-22, Cowboys, 95, 23, 214, 27, 17, 6, 42, 1, 1, 16, 10, 4, 2, 2, 1573, 24, Redskins, 100, 28, 197, 36, 21, 8, 44, 0, 1, 17, 16, 7, 1, 0, 2027, 23
2013-12-22, Raiders, 59, 17, 206, 36, 20, 12, 73, 1, 1, 14, 13, 4, 2, 1, 1518, 13, Chargers, 148, 37, 196, 29, 19, 3, 24, 2, 1, 24, 11, 6, 0, 0, 2082, 26
2013-12-23, Falcons, 61, 20, 341, 48, 37, 5, 37, 0, 2, 25, 15, 8, 1, 1, 1828, 24, 49ers, 199, 30, 180, 21, 13, 7, 45, 0, 0, 20, 9, 4, 0, 0, 1772, 34
2013-12-29, Texans, 65, 22, 223, 34, 22, 5, 55, 2, 2, 19, 10, 4, 0, 0, 1665, 10, Titans, 151, 36, 160, 24, 15, 7, 76, 0, 1, 17, 14, 4, 0, 0, 1935, 16
2013-12-29, Bills, 169, 35, 224, 29, 16, 6, 54, 0, 0, 19, 13, 4, 3, 0, 1633, 20, Patriots, 267, 43, 115, 24, 14, 4, 31, 0, 1, 24, 13, 4, 0, 0, 1967, 34
2013-12-29, Chiefs, 143, 37, 189, 30, 21, 1, 5, 0, 0, 22, 14, 6, 1, 0, 2076, 24, Chargers, 186, 36, 219, 33, 22, 4, 22, 0, 1, 19, 17, 9, 1, 1, 2228, 27
2013-12-29, Panthers, 134, 29, 149, 27, 15, 4, 38, 1, 1, 16, 15, 7, 0, 0, 1534, 21, Falcons, 76, 20, 231, 40, 28, 5, 56, 0, 1, 20, 16, 7, 1, 1, 2066, 20
2013-12-29, 49ers, 83, 23, 292, 34, 21, 4, 20, 0, 0, 19, 13, 3, 1, 0, 1660, 23, Cardinals, 83, 22, 399, 49, 28, 3, 30, 1, 1, 19, 15, 4, 4, 3, 1940, 20
2013-12-29, Redskins, 91, 23, 160, 49, 19, 3, 30, 2, 2, 12, 20, 5, 3, 1, 1701, 6, Giants, 122, 35, 156, 32, 12, 3, 20, 1, 2, 14, 14, 3, 0, 0, 1899, 20
2013-12-29, Rams, 13, 18, 145, 30, 21, 12, 87, 0, 2, 11, 11, 2, 0, 0, 1580, 9, Seahawks, 111, 36, 158, 23, 15, 7, 65, 0, 0, 20, 13, 4, 1, 1, 2020, 27
2013-12-29, Buccaneers, 75, 18, 215, 42, 22, 8, 78, 0, 1, 18, 13, 3, 3, 1, 1548, 17, Saints, 98, 30, 370, 31, 24, 9, 94, 0, 0, 21, 13, 7, 2, 1, 2052, 42
2013-12-29, Lions, 63, 22, 182, 33, 22, 6, 52, 0, 0, 14, 15, 5, 0, 0, 1957, 13, Vikings, 174, 20, 171, 33, 20, 4, 25, 1, 1, 19, 11, 3, 0, 0, 1643, 14
2013-12-29, Ravens, 47, 14, 175, 50, 30, 6, 56, 0, 3, 17, 15, 4, 2, 0, 1563, 17, Bengals, 111, 30, 281, 36, 21, 10, 76, 0, 4, 21, 13, 7, 0, 0, 2037, 34
2013-12-29, Jets, 154, 42, 220, 28, 18, 5, 36, 0, 0, 22, 15, 6, 0, 0, 1944, 20, Dolphins, 92, 22, 204, 40, 20, 5, 38, 0, 3, 18, 13, 6, 1, 0, 1656, 7
2013-12-29, Jaguars, 42, 16, 308, 51, 30, 5, 50, 1, 1, 19, 14, 3, 5, 3, 1580, 10, Colts, 80, 28, 299, 41, 29, 2, 10, 0, 0, 23, 16, 8, 1, 1, 2020, 30
2013-12-29, Eagles, 137, 34, 229, 27, 17, 6, 50, 1, 0, 21, 13, 5, 1, 0, 1783, 24, Cowboys, 56, 18, 358, 46, 30, 1, 5, 1, 2, 21, 11, 3, 2, 1, 1817, 22
2013-12-29, Packers, 160, 34, 313, 39, 25, 1, 15, 0, 2, 25, 18, 9, 3, 3, 2109, 33, Bears, 121, 24, 224, 24, 15, 5, 40, 1, 1, 17, 10, 5, 0, 0, 1491, 28
2013-12-29, Browns, 79, 20, 214, 41, 23, 3, 30, 1, 1, 15, 15, 6, 3, 0, 1783, 7, Steelers, 120, 29, 172, 31, 19, 2, 15, 0, 2, 17, 12, 5, 0, 0, 1817, 20
2013-12-29, Broncos, 124, 29, 334, 41, 34, 6, 56, 0, 0, 28, 15, 9, 0, 0, 2129, 34, Raiders, 64, 20, 191, 38, 21, 2, 10, 1, 0, 17, 13, 5, 1, 0, 1471, 14
2014-01-04, Saints, 185, 36, 249, 30, 20, 7, 85, 0, 2, 26, 13, 7, 0, 0, 2093, 26, Eagles, 80, 22, 176, 33, 23, 4, 38, 0, 0, 17, 12, 3, 2, 2, 1507, 24
2014-01-04, Chiefs, 150, 32, 363, 46, 30, 2, 15, 1, 0, 30, 16, 9, 1, 0, 2253, 44, Colts, 100, 19, 436, 45, 29, 4, 19, 1, 3, 28, 8, 4, 1, 1, 1347, 45
2014-01-05, 49ers, 167, 30, 214, 30, 16, 2, 10, 0, 1, 22, 12, 6, 1, 1, 1746, 23, Packers, 124, 31, 157, 26, 17, 3, 20, 0, 0, 18, 11, 3, 1, 1, 1854, 20
2014-01-05, Chargers, 196, 40, 122, 16, 12, 5, 28, 0, 0, 16, 12, 4, 0, 0, 1768, 27, Bengals, 113, 25, 326, 51, 29, 4, 38, 2, 2, 27, 12, 3, 3, 1, 1832, 10
2014-01-11, Colts, 69, 21, 317, 41, 20, 4, 42, 0, 4, 16, 15, 6, 1, 1, 1500, 22, Patriots, 234, 46, 185, 25, 13, 4, 35, 0, 0, 23, 18, 11, 1, 0, 2100, 43
2014-01-11, Saints, 108, 26, 309, 43, 24, 8, 69, 1, 0, 25, 12, 3, 3, 1, 1830, 15, Seahawks, 174, 35, 103, 18, 9, 6, 52, 0, 0, 13, 14, 5, 0, 0, 1770, 23
2014-01-12, 49ers, 126, 34, 189, 30, 15, 5, 40, 0, 0, 21, 14, 6, 1, 0, 1795, 23, Panthers, 93, 24, 232, 25, 16, 8, 73, 0, 2, 18, 10, 6, 1, 0, 1805, 10
2014-01-12, Chargers, 65, 18, 194, 27, 18, 8, 63, 0, 0, 13, 12, 4, 1, 1, 1473, 17, Broncos, 133, 34, 230, 36, 25, 6, 50, 1, 1, 26, 13, 9, 0, 0, 2127, 24
2014-01-19, 49ers, 161, 28, 147, 24, 14, 7, 65, 1, 2, 16, 11, 3, 2, 2, 1712, 17, Seahawks, 115, 29, 193, 25, 16, 8, 66, 1, 0, 14, 14, 5, 3, 1, 1888, 23
2014-01-19, Patriots, 64, 16, 256, 38, 24, 2, 15, 0, 0, 19, 12, 6, 2, 1, 1456, 16, Broncos, 107, 28, 400, 43, 32, 4, 34, 0, 0, 27, 13, 7, 1, 1, 2144, 26
2014-02-02, Seahawks, 135, 29, 206, 26, 18, 10, 104, 0, 0, 17, 12, 7, 2, 0, 1913, 43, Broncos, 27, 14, 279, 49, 34, 5, 44, 2, 2, 18, 13, 6, 3, 0, 1687, 8
